<ImportExportXml version="9.2.23122.180" SolutionPackageVersion="9.2" languagecode="1046" generatedBy="CrmLive" xmlns:xsi="http://www.w3.org/2001/XMLSchema-instance">
  <SolutionManifest>
    <UniqueName>SolucaoCursandoDevMS</UniqueName>
    <LocalizedNames>
      <LocalizedName description="SolucaoCursandoDevMS" languagecode="1046" />
    </LocalizedNames>
    <Descriptions>
      <Description description="Solução para curso dev ms 265 CE" languagecode="1046" />
    </Descriptions>
    <Version>1.0.0.1</Version>
    <Managed>0</Managed>
    <Publisher>
      <UniqueName>curso</UniqueName>
      <LocalizedNames>
        <LocalizedName description="curso" languagecode="1046" />
      </LocalizedNames>
      <Descriptions />
      <EMailAddress xsi:nil="true"></EMailAddress>
      <SupportingWebsiteUrl xsi:nil="true"></SupportingWebsiteUrl>
      <CustomizationPrefix>curso</CustomizationPrefix>
      <CustomizationOptionValuePrefix>82566</CustomizationOptionValuePrefix>
      <Addresses>
        <Address>
          <AddressNumber>1</AddressNumber>
          <AddressTypeCode>1</AddressTypeCode>
          <City xsi:nil="true"></City>
          <County xsi:nil="true"></County>
          <Country xsi:nil="true"></Country>
          <Fax xsi:nil="true"></Fax>
          <FreightTermsCode xsi:nil="true"></FreightTermsCode>
          <ImportSequenceNumber xsi:nil="true"></ImportSequenceNumber>
          <Latitude xsi:nil="true"></Latitude>
          <Line1 xsi:nil="true"></Line1>
          <Line2 xsi:nil="true"></Line2>
          <Line3 xsi:nil="true"></Line3>
          <Longitude xsi:nil="true"></Longitude>
          <Name xsi:nil="true"></Name>
          <PostalCode xsi:nil="true"></PostalCode>
          <PostOfficeBox xsi:nil="true"></PostOfficeBox>
          <PrimaryContactName xsi:nil="true"></PrimaryContactName>
          <ShippingMethodCode>1</ShippingMethodCode>
          <StateOrProvince xsi:nil="true"></StateOrProvince>
          <Telephone1 xsi:nil="true"></Telephone1>
          <Telephone2 xsi:nil="true"></Telephone2>
          <Telephone3 xsi:nil="true"></Telephone3>
          <TimeZoneRuleVersionNumber xsi:nil="true"></TimeZoneRuleVersionNumber>
          <UPSZone xsi:nil="true"></UPSZone>
          <UTCOffset xsi:nil="true"></UTCOffset>
          <UTCConversionTimeZoneCode xsi:nil="true"></UTCConversionTimeZoneCode>
        </Address>
        <Address>
          <AddressNumber>2</AddressNumber>
          <AddressTypeCode>1</AddressTypeCode>
          <City xsi:nil="true"></City>
          <County xsi:nil="true"></County>
          <Country xsi:nil="true"></Country>
          <Fax xsi:nil="true"></Fax>
          <FreightTermsCode xsi:nil="true"></FreightTermsCode>
          <ImportSequenceNumber xsi:nil="true"></ImportSequenceNumber>
          <Latitude xsi:nil="true"></Latitude>
          <Line1 xsi:nil="true"></Line1>
          <Line2 xsi:nil="true"></Line2>
          <Line3 xsi:nil="true"></Line3>
          <Longitude xsi:nil="true"></Longitude>
          <Name xsi:nil="true"></Name>
          <PostalCode xsi:nil="true"></PostalCode>
          <PostOfficeBox xsi:nil="true"></PostOfficeBox>
          <PrimaryContactName xsi:nil="true"></PrimaryContactName>
          <ShippingMethodCode>1</ShippingMethodCode>
          <StateOrProvince xsi:nil="true"></StateOrProvince>
          <Telephone1 xsi:nil="true"></Telephone1>
          <Telephone2 xsi:nil="true"></Telephone2>
          <Telephone3 xsi:nil="true"></Telephone3>
          <TimeZoneRuleVersionNumber xsi:nil="true"></TimeZoneRuleVersionNumber>
          <UPSZone xsi:nil="true"></UPSZone>
          <UTCOffset xsi:nil="true"></UTCOffset>
          <UTCConversionTimeZoneCode xsi:nil="true"></UTCConversionTimeZoneCode>
        </Address>
      </Addresses>
    </Publisher>
    <RootComponents>
      <RootComponent type="1" schemaName="curso_alunos" behavior="0" />
      <RootComponent type="1" schemaName="curso_alunoxcursos" behavior="0" />
      <RootComponent type="1" schemaName="curso_cursosdisponiveis" behavior="0" />
      <RootComponent type="1" schemaName="curso_cursoxinstrutores" behavior="0" />
      <RootComponent type="1" schemaName="curso_instrutores" behavior="0" />
      <RootComponent type="29" id="{6b510857-c8ab-ee11-a568-000d3ac0727a}" behavior="0" />
      <RootComponent type="61" schemaName="curso_logodio" behavior="0" />
      <RootComponent type="62" schemaName="curso_dioapp" behavior="0" />
      <RootComponent type="80" schemaName="curso_dioapp" behavior="0" />
      <RootComponent type="300" schemaName="curso_appinstrutoreshabilitados_33287" behavior="0" />
      <RootComponent type="300" schemaName="curso_appinstrutores_63f5e" behavior="0" />
    </RootComponents>
    <MissingDependencies>
      <MissingDependency>
        <Required type="66" schemaName="MscrmControls.Canvas.CanvasControl" displayName="MscrmControls.Canvas.CanvasControl" solution="BaseCustomControlsCore (9.0.2312.2025)" />
        <Dependent type="60" displayName="Curso DYN365CE" parentDisplayName="Cursos Disponíveis" id="{78565dd8-3df9-4178-a269-b9d1c259e6bf}" />
      </MissingDependency>
    </MissingDependencies>
  </SolutionManifest>
</ImportExportXml>